Timestamp,Channel 2,Channel 4
61560.67977,-0.276661484,-1.235193867
61560.67979,0.664932223,-1.843079268
61560.684,1.571388256,-2.347648549
61560.68781,2.386259408,-2.708439613
61560.68783,3.0585148,-2.893822884
61560.68784,3.545977295,-2.883587307
61560.69095,3.818201857,-2.67077716
61560.69096,3.85858479,-2.262623718
61560.69286,3.665544921,-1.680478028
61560.6979,3.252681567,-0.958721971
61560.70041,2.647886188,-0.142709188
61560.70352,1.891459709,0.714140012
61560.70358,1.033360229,1.553900545
61560.70539,0.129770624,2.318119352
61560.70841,-0.760772635,2.951929259
61560.70845,-1.581413312,3.408005862
61560.71538,-2.28088113,3.650078607
61560.72226,-2.81698549,3.655733888
61560.7223,-3.15944169,3.418294496
61560.7279,-3.291822207,2.94762295
61560.73728,-3.212489991,2.26977175
61560.73733,-2.934446751,1.425485954
61560.75724,-2.484111098,0.46764663
61560.75727,-1.899122926,-0.542178396
61560.75978,-1.225345038,-1.537843403
61560.75981,-0.513294957,-2.453109669
61560.76153,0.185716199,-3.226192504
61560.76467,0.823438386,-3.804048719
61560.7647,1.358232535,-4.146098463
61560.77098,1.758042022,-4.227113468
61560.77101,2.002558515,-4.039061654
61560.78036,2.084419648,-3.591771721
61560.7834,2.009353857,-2.91236531
61560.78343,1.795272454,-2.043492375
61560.78541,1.470394053,-1.040491177
61560.79681,1.070564623,0.032328732
61560.8265,0.636001594,1.106019512
61560.82652,0.20773693,2.111639419
61560.82653,-0.17594185,2.98488258
61560.82921,-0.482754298,3.670370451
61560.8356,-0.689120205,4.125307077
61560.83796,-0.782058306,4.322247379
61560.84044,-0.760132566,4.250792708
61560.84289,-0.633368598,3.918105731
61560.84544,-0.422150066,3.348221647
61560.848,-0.155191779,2.580218516
61560.8504,0.133234801,1.665389789
61560.85295,0.406583271,0.663631141
61560.85533,0.629536248,-0.360693455
61560.86049,0.771425774,-1.343108624
61560.86356,0.809269262,-2.223298921
61560.86361,0.730150371,-2.948997984
61560.86793,0.532727631,-3.479232283
61560.87106,0.227725714,-3.78670839
61560.87109,-0.162650687,-3.859199325
61560.87288,-0.606349501,-3.699861482
61560.87541,-1.064030175,-3.326492902
61560.8862,-1.492348073,-2.769820167
61560.88622,-1.847698806,-2.07096906
61560.88846,-2.090113149,-1.278328392
61560.88848,-2.186974379,-0.444053112
61560.89424,-2.116237832,0.379530311
61560.90494,-1.868866922,1.143356997
61560.905,-1.450258428,1.804659355
61560.90676,-0.880508077,2.329409894
61560.91337,-0.193459451,2.694029276
61560.91738,0.565422357,2.886279806
61560.91745,1.342213845,2.905329676
61560.92666,2.078506534,2.761036132
61560.92984,2.715892888,2.472551381
61560.92989,3.200617855,2.066399246
61560.93918,3.488026939,1.574200416
61560.94497,3.546448635,1.030237943
61560.945,3.360184992,0.469052107
61560.94715,2.931346863,-0.076763705
61560.94909,2.280355459,-0.578424645
61560.9604,1.445032974,-1.01237139
61560.9639,0.47831443,-1.361184725
61560.96392,-0.55527774,-1.613985335
61560.96917,-1.584154348,-1.76634862
61560.97606,-2.534849523,-1.819799962
61560.97609,-3.337494464,-1.78098231
61560.97797,-3.931158087,-1.660603513
61561.00492,-4.268638795,-1.472275248
61561.00495,-4.320325175,-1.231349041
61561.00883,-4.076807569,-0.953839623
61561.00886,-3.550012809,-0.655503809
61561.00887,-2.772744276,-0.35111729
61561.00887,-1.79663074,-0.053965005
61561.01104,-0.688610721,0.224463832
61561.01106,0.47380509,0.474605172
61561.0128,1.608151765,0.688817025
61561.02416,2.633092584,0.861293449
61561.02909,3.474506954,0.987944546
61561.02913,4.071116623,1.066284031
61561.02914,4.37921111,1.095353409
61561.03663,4.37609625,1.075696039
61561.04589,4.06198302,1.00937766
61561.04591,3.460150849,0.900034612
61561.04783,2.615351387,0.752919059
61561.05162,1.590555161,0.57490356
61561.05983,0.462274068,0.374406435
61561.05986,-0.685193298,0.161204644
61561.06161,-1.766158037,-0.053888011
61561.07348,-2.700088194,-0.259483977
61561.07351,-3.417798486,-0.444214519
61561.08099,-3.866796474,-0.597420942
61561.08102,-4.015360117,-0.709896295
61561.0835,-3.855017065,-0.774615893
61561.08353,-3.401218699,-0.787387268
61561.09558,-2.692142644,-0.74734941
61561.09995,-1.785705104,-0.657258089
61561.09998,-0.755007357,-0.523508348
61561.10721,0.317432447,-0.355866
61561.10725,1.346210929,-0.166905304
61561.11349,2.249818212,0.028822394
61561.11352,2.957123198,0.215837048
61561.12032,3.413043973,0.378919366
61561.13106,3.5829435,0.504347221
61561.13109,3.455390304,0.581074627
61561.13368,3.04305361,0.601747931
61561.13371,2.381652278,0.563462655
61561.14299,1.527034687,0.468182534
61561.15001,0.550619649,0.322768425
61561.15004,-0.466436175,0.138596796
61561.15979,-1.439872375,-0.069217343
61561.15982,-2.289219979,-0.282942969
61561.16242,-2.944392878,-0.483618916
61561.16245,-3.351432809,-0.652595106
61561.17724,-3.476932504,-0.773104069
61561.17727,-3.310768881,-0.831731044
61561.1797,-2.866916754,-0.819655794
61561.17971,-2.182272134,-0.733555302
61561.18177,-1.313579599,-0.576082533
61561.19165,-0.332716505,-0.35587035
61561.19496,0.679275279,-0.087048462
61561.19499,1.63891387,0.211698233
61561.19665,2.467197499,0.518462986
61561.20804,3.096142411,0.809741947
61561.21296,3.474392004,1.062224803
61561.21299,3.571428369,1.254610917
61561.213,3.380034802,1.369307237
61561.21782,2.916805315,1.393872772
61561.22032,2.2206621,1.322094
61561.22413,1.34951026,1.154604494
61561.23986,0.375316659,0.898997769
61561.23988,-0.621967258,0.569421923
61561.24297,-1.561121508,0.185684681
61561.243,-2.366442303,-0.228065222
61561.24301,-2.974020947,-0.644982713
61561.24663,-3.336987205,-1.037375851
61561.25545,-3.429277468,-1.378624869
61561.25912,-3.247615544,-1.6450321
61561.26597,-2.811547897,-1.817471048
61561.266,-2.161542246,-1.882719434
61561.27598,-1.355324345,-1.834385554
61561.28106,-0.462778063,-1.673367716
61561.28109,0.440144293,-1.407820397
61561.28283,1.277971629,-1.05263562
61561.28547,1.982157044,-0.628481202
61561.31314,2.496859814,-0.160466906
61561.31555,2.783572222,0.323466973
61561.31794,2.824199815,0.794327745
61561.32039,2.622339883,1.223896119
61561.32293,2.202660733,1.586480621
61561.32542,1.608449887,1.860489621
61561.32785,0.897558235,2.029724898
61561.33035,0.137105677,2.084321381
61561.33287,-0.602580176,2.021282294
61561.33539,-1.254256158,1.844585812
61561.33868,-1.759733019,1.564866493
61561.3387,-2.07499952,1.198700562
61561.34035,-2.174054834,0.767547143
61561.34419,-2.051117908,0.296416518
61561.35721,-1.721025881,-0.187649367
61561.35723,-1.217792913,-0.657190211
61561.36271,-0.591462013,-1.085937448
61561.36275,0.096468434,-1.450326599
61561.36467,0.778637619,-1.73082517
61561.36699,1.387940461,-1.91300183
61561.37028,1.863631495,-1.988279012
61561.38094,2.156876806,-1.954330378
61561.38096,2.235264896,-1.815105725
61561.384,2.085878249,-1.580487708
61561.38402,1.716652738,-1.265606031
61561.39046,1.155900805,-0.889854318
61561.39464,0.450033772,-0.47567181
61561.40092,-0.34032519,-0.047165233
61561.40094,-1.145506385,0.37134489
61561.40287,-1.892795291,0.756765267
61561.41471,-2.512755918,1.088571164
61561.41725,-2.945332612,1.349967367
61561.41729,-3.145205113,1.528799384
61561.42317,-3.085934622,1.618161089
61561.42993,-2.762540975,1.616664137
61561.42996,-2.192283872,1.528355996
61561.43661,-1.41357316,1.362296102
61561.44752,-0.483091298,1.131821896
61561.44756,0.528637995,0.853556975
61561.45217,1.542870194,0.546230686
61561.45222,2.478985154,0.2293911
61561.45405,3.261032384,-0.077899648
61561.45797,3.823935661,-0.358297833
61561.47106,4.118845439,-0.597254028
61561.4711,4.11719924,-0.783859595
61561.47347,3.813158146,-0.911407757
61561.4735,3.22422242,-0.977634246
61561.47784,2.389979639,-0.984626135
61561.48174,1.369091919,-0.938412012
61561.49189,0.234772027,-0.848270342
61561.49473,-0.930880268,-0.725813905
61561.49474,-2.04322044,-0.583924963
61561.49671,-3.021567747,-0.435627139
61561.50845,-3.795359254,-0.292984777
61561.51651,-4.30946279,-0.166118515
61561.51658,-4.528235983,-0.062416845
61561.51659,-4.438024971,0.01399192
61561.51983,-4.047926383,0.06246346
61561.51988,-3.388778637,0.085737816
61561.52228,-2.510491565,0.08952369
61561.53421,-1.477955026,0.08180067
61561.53716,-0.365876902,0.071897928
61561.53719,0.747020053,0.069428274
61561.54291,1.783970532,0.083170903
61561.55029,2.675833107,0.120003309
61561.55032,3.366011592,0.183981836
61561.55681,3.814263117,0.27566107
61561.56724,3.999124322,0.391725046
61561.56728,3.918806182,0.524979322
61561.5722,3.590536436,0.664723824
61561.57225,3.048455279,0.797494311
61561.57404,2.340284448,0.908127709
61561.57787,1.52308282,0.981076198
61561.58852,0.658465861,1.001869262
61561.58856,-0.192302836,0.958604483
61561.59178,-0.972943876,0.843338318
61561.5918,-1.63615222,0.653248895
61561.59849,-2.146646765,0.39145428
61561.60537,-2.483071736,0.067391419
61561.61274,-2.638647796,-0.303308283
61561.61278,-2.620581628,-0.699473079
61561.61492,-2.448349222,-1.095559092
61561.61495,-2.15106104,-1.463273967
61561.62418,-1.76418888,-1.773556668
61561.62845,-1.325978817,-1.998779014
61561.62847,-0.87388882,-2.11500828
61561.63789,-0.441372993,-2.104155171
61561.64047,-0.05528915,-1.95582952
61561.64348,0.265862561,-1.668738112
61561.65092,0.512748316,-1.251484779
61561.65095,0.685029631,-0.722671173
61561.65282,0.790280536,-0.110245046
61561.66348,0.842146663,0.549901793
61561.66762,0.857969387,1.216025337
61561.6677,0.856144855,1.843193641
61561.6742,0.853507563,2.386355217
61561.68954,0.863019637,2.803602651
61561.68958,0.892011085,3.059395984
61561.68959,0.94115667,3.127500575
61561.69279,1.004297504,2.993402808
61561.69283,1.069127442,2.6559942
61561.69447,1.1186744,2.128359175
61561.69689,1.133423433,1.437561266
61561.70033,1.093859886,0.623392947
61561.71039,0.983163775,-0.263869132
61561.7148,0.789765575,-1.166584646
61561.71485,0.509480926,-2.023555157
61561.72482,0.146977111,-2.774263368
61561.72485,-0.283615554,-3.363250156
61561.73094,-0.759054486,-3.744309544
61561.73097,-1.248312741,-3.884181026
61561.73723,-1.714803243,-3.765442558
61561.73726,-2.119327973,-3.388355132
61561.7392,-2.423503995,-2.771478749
61561.7479,-2.593362883,-1.95096536
61561.75224,-2.602791657,-0.97853095
61561.75228,-2.436485159,0.081790456
61561.78844,-2.092112301,1.157911453
61561.79148,-1.581459508,2.174689959
61561.79152,-0.930398978,3.05931101
61561.79469,-0.177629977,3.746658969
61561.79472,0.627750567,4.184274831
61561.79472,1.429685938,4.336511655
61561.79473,2.169349394,4.187550385
61561.79724,2.789755117,3.743015466
61561.79726,3.240412681,3.030029685
61561.80166,3.481632191,2.09566332
61561.80677,3.48810579,1.003855324
61561.80913,3.251442487,-0.168995665
61561.81176,2.781413428,-1.33946482
61561.81415,2.105767414,-2.423166706
61561.81937,1.26859318,-3.341002411
61561.82166,0.327326052,-4.025113654
61561.82479,-0.651388313,-4.424082089
61561.82481,-1.596661148,-4.506961664
61561.833,-2.438772035,-4.265815167
61561.83593,-3.11459432,-3.716537216
61561.83596,-3.572595871,-2.897876445
61561.8393,-3.777004627,-1.868709494
61561.85048,-3.710790849,-0.703757446
61561.85392,-3.377210097,0.511939666
61561.85395,-2.799765167,1.689373145
61561.8556,-2.020572396,2.742254088
61561.87174,-1.097247219,3.593522255
61561.87495,-0.09854509,4.181167679
61561.87498,0.900903421,4.462908463
61561.87768,1.826348822,4.41935654
61561.87771,2.608713473,4.055421799
61561.88551,3.189955047,3.399844393
61561.88789,3.527573328,2.502893911
61561.8905,3.597898644,1.432420268
61561.89924,3.397897492,0.268572471
61561.90251,2.945350025,-0.902392834
61561.90254,2.277385099,-1.994719911
61561.9208,1.447491001,-2.929655502
61561.92083,0.521242799,-3.641331314
61561.92084,-0.428909522,-4.081569082
61561.92596,-1.329372851,-4.223240918
61561.92599,-2.111202392,-4.061938214
61561.95038,-2.715489067,-3.615842275
61561.96089,-3.097913395,-2.923837304
61561.96312,-3.232105446,-2.042048812
61561.96572,-3.11154857,-1.039116198
61561.96785,-2.74988369,0.009393544
61561.97292,-2.179601153,1.026961188
61561.97542,-1.44923771,1.941987509
61561.97803,-0.619316486,2.693089725
61561.98049,0.242632048,3.233408644
61561.98308,1.067558135,3.533606245
61561.98919,1.790441823,3.583352045
61561.99183,2.355453836,3.391229881
61561.99435,2.72031441,2.983132825
61561.99667,2.859505211,2.399340645
61561.99975,2.766085973,1.690580679
61561.99978,2.451983524,0.913449932
61562.00217,1.94674668,0.125617556
61562.0022,1.294885721,-0.618770423
61562.00481,0.552029583,-1.273097469
61562.00486,-0.219771858,-1.801376391
61562.0117,-0.957206445,-2.18022079
61562.01481,-1.600891697,-2.399579147
61562.01484,-2.100174171,-2.462241775
61562.01673,-2.417146975,-2.382245083
61562.03733,-2.529564489,-2.182396032
61562.04001,-2.432427368,-1.891213534
61562.04005,-2.138122763,-1.539626123
61562.04676,-1.675124945,-1.157773227
61562.04993,-1.085380352,-0.772230681
61562.04996,-0.420608559,-0.403923042
61562.05484,0.262161831,-0.066902152
61562.05487,0.905442934,0.231928033
61562.05684,1.456114969,0.492165866
61562.05918,1.869828647,0.718471962
61562.06291,2.114618603,0.918546766
61562.07044,2.173432534,1.100799971
61562.07735,2.045373372,1.272018136
61562.07738,1.745560849,1.435335743
61562.07986,1.303635041,1.588780517
61562.07996,0.761038299,1.724599521
61562.0904,0.167313923,1.82948474
61562.09595,-0.424258406,1.885714329
61562.09597,-0.961315796,1.873118955
61562.10393,-1.39695625,1.771682545
61562.10396,-1.693786425,1.564504024
61562.10548,-1.827128709,1.240790159
61562.11289,-1.787115183,0.798526193
61562.11975,-1.579490813,0.246484044
61562.11979,-1.225057957,-0.394722562
61562.13277,-0.757809822,-1.092744224
61562.1328,-0.22191216,-1.804863217
61562.13417,0.332209045,-2.480597769
61562.1368,0.852339186,-3.065390333
61562.14993,1.289122305,-3.505106487
61562.14996,1.600483681,-3.75097088
61562.15234,1.755444488,-3.764497436
61562.15235,1.736994942,-3.521940853
61562.15415,1.543770557,-3.017810113
61562.16349,1.190376464,-2.267042961
61562.17407,0.706318995,-1.305539775
61562.1741,0.133622203,-0.188888627
61562.17411,-0.476680154,1.010730339
61562.1773,-1.068888948,2.209307134
61562.17735,-1.587458015,3.31711611
61562.1792,-1.981879918,4.245727275
61562.19603,-2.211222288,4.915353844
61562.19605,-2.24792261,5.261914466
61562.20229,-2.080507366,5.243180722
61562.20233,-1.714988172,4.843428597
61562.21029,-1.174795927,4.076114703
61562.21032,-0.499235174,2.984247254
61562.21278,0.259435277,1.638306905
61562.21281,1.040073128,0.131778505
61562.22791,1.777553564,-1.42543568
61562.23283,2.408106063,-2.915256041
61562.23286,2.874651548,-4.220691627
61562.23287,3.131698904,-5.235390653
61562.23551,3.149390657,-5.872679944
61562.23972,2.916352522,-6.073310504
61562.2548,2.441095165,-5.811207482
61562.25483,1.751831671,-5.096667471
61562.25775,0.894701374,-3.976644035
61562.25778,-0.069480335,-2.531998183
61562.25912,-1.069706298,-0.871844814
61562.26171,-2.030154173,0.874622309
61562.26919,-2.876038418,2.568217932
61562.27721,-3.539478539,4.070974459
61562.27724,-3.964918797,5.257563125
61562.27978,-4.11366589,6.025972672
61562.27981,-3.967177374,6.306526495
61562.29192,-3.528829402,6.068434259
61562.29602,-2.82401038,5.323260847
61562.29605,-1.89851789,4.124939941
61562.30239,-0.815369391,2.566242325
61562.30242,0.34973791,0.771906635
61562.30919,1.513975929,-1.111072169
61562.3148,2.593521201,-2.925248825
61562.31483,3.50980792,-4.515685487
61562.31679,4.19541907,-5.742998745
61562.32975,4.599163395,-6.495401403
61562.32978,4.689948305,-6.698704323
61562.33164,4.459151618,-6.3233925
61562.33419,3.921310805,-5.388116382
61562.34217,3.113078213,-3.959226753
61562.34218,2.090524291,-2.146305989
61562.34866,0.924997696,-0.093983449
61562.34869,-0.302138629,2.029359849
61562.35035,-1.505491366,4.045119469
61562.35914,-2.601883592,5.779146697
61562.36611,-3.516390001,7.07637922
61562.36614,-4.18770586,7.814204951
61562.37599,-4.572449874,7.913423028
61562.37602,-4.648086622,7.345844814
61562.38242,-4.414263428,6.137839318
61562.38246,-3.892480689,4.369451324
61562.38911,-3.124143941,2.169080504
61562.39997,-2.16717007,-0.295923509
61562.4,-1.091429402,-2.8320523
61562.40239,0.026608664,-5.234828001
61562.40242,1.109602825,-7.305189812
61562.41233,2.084994355,-8.865759881
61562.41236,2.89015722,-9.77566063
61562.41482,3.476659957,-9.94265454
61562.41486,3.813333216,-9.331578304
61562.43318,3.887937647,-7.968330891
61562.43784,3.70734229,-5.939026613
61562.43787,3.296243979,-3.384311558
61562.43787,2.694573711,-0.489233406
61562.44245,1.953836926,2.530581461
61562.44249,1.13271332,5.445383423
61562.44941,0.292291889,8.029104518
61562.45979,-0.508665003,10.07710859
61562.45982,-1.218049678,11.42247404
61562.46768,-1.793996428,11.94950207
61562.4677,-2.207467673,11.60335459
61562.4677,-2.443670991,10.3950273
61562.47871,-2.502243031,8.401229271
61562.47874,-2.396242715,5.759143494
61562.48592,-2.150095766,2.656448595
61562.48595,-1.796717088,-0.682640542
61562.496,-1.374099727,-4.014237796
61562.49603,-0.921694273,-7.093248288
61562.5067,-0.476908063,-9.691991269
61562.50673,-0.072029642,-11.61753179
61562.50673,0.268166543,-12.72637037
61562.50995,0.527952207,-12.93534817
61562.50998,0.701217466,-12.22792361
61562.51191,0.791079449,-10.6553418
61562.52172,0.808613981,-8.332619975
61562.52421,0.770877002,-5.429678884
61562.53104,0.698444616,-2.158329298
61562.53107,0.612739761,1.243856823
61562.53792,0.533426099,4.531523223
61562.54593,0.476135182,7.46995172
61562.54594,0.450752947,9.852503942
61562.55104,0.460430279,11.51574593
61562.5511,0.50140587,12.35111355
61562.55604,0.563645395,12.31225951
61562.55851,0.632217239,11.41757049
61562.5622,0.689249843,9.747726859
61562.59491,0.716256301,7.438567011
61562.59495,0.696573933,4.669881375
61562.59773,0.617653837,1.651070383
61562.59777,0.472949102,-1.395169378
61562.59995,0.263189286,-4.249831938
61562.59999,-0.003110778,-6.713933393
61562.60184,-0.309983438,-8.622936147
61562.60431,-0.635172633,-9.85818847
61562.60716,-0.9520357,-10.35455859
61562.61177,-1.232010631,-10.10375977
61562.61468,-1.447415123,-9.153213677
61562.61471,-1.574303787,-7.600655341
61562.61665,-1.595096042,-5.585015033
61562.62044,-1.500701307,-3.274394218
61562.62612,-1.29190927,-0.852162735
61562.62615,-0.979877934,1.497673184
61562.63539,-0.585635055,3.604655353
61562.63979,-0.138601988,5.324502219
61562.63982,0.325755875,6.549229321
61562.64605,0.768959938,7.214038421
61562.64607,1.152966161,7.300533548
61562.64803,1.443716244,6.836131972
61562.66471,1.614457818,5.88984995
61562.66747,1.648509342,4.564931367
61562.6675,1.541186507,2.989029085
61562.66977,1.300676073,1.302825048
61562.67425,0.947734485,-0.351926703
61562.67672,0.514194594,-1.843936021
61562.68592,0.040374762,-3.06256266
61562.68594,-0.428409481,-3.925867322
61562.6885,-0.845940319,-4.385947436
61562.68853,-1.169441175,-4.431223886
61562.6984,-1.363774813,-4.085611082
61562.70233,-1.405100621,-3.404765709
61562.70235,-1.283630461,-2.469846863
61562.71173,-1.005191298,-1.379412939
61562.71665,-0.591400576,-0.240213523
61562.71667,-0.078379035,0.842301574
61562.71667,0.485944459,1.772942334
61562.71928,1.045751884,2.474471068
61562.73091,1.542176721,2.893428197
61562.7374,1.918668925,3.003675291
61562.73743,2.126423397,2.80745122
61562.74492,2.129386148,2.333958336
61562.74497,1.908369449,1.635706331
61562.74787,1.46386621,0.783023948
61562.74791,0.817251076,-0.142711797
61562.7604,0.010184063,-1.056493123
61562.76351,-0.897818185,-1.877082779
61562.76355,-1.833520304,-2.533767754
61562.76795,-2.715538603,-2.971919213
61562.77149,-3.460931678,-3.156941465
61562.77151,-3.992293574,-3.076352216
61562.77916,-4.244766577,-2.739910746
61562.78359,-4.172372505,-2.177883753
61562.78364,-3.753093435,-1.437695018
61562.79352,-2.992214014,-0.579331544
61562.80109,-1.923562889,0.330034449
61562.80113,-0.608451177,1.22170719
61562.80689,0.867710854,2.03091796
61562.81958,2.400946101,2.701619603
61562.81961,3.876034957,3.190266429
61562.81961,5.175113244,3.468334463
61562.82187,6.186900911,3.52346522
61562.82667,6.815842534,3.359246474
61562.83289,6.990420691,2.9937634
61562.83534,6.66994283,2.45715246
61562.83848,5.849199859,1.788460164
61562.84228,4.560544132,1.032144764
61562.8423,2.87312519,0.234559608
61562.84602,0.88923913,-0.559275426
61562.84606,-1.262024898,-1.308367788
61562.86049,-3.433438059,-1.977744379
61562.86344,-5.469988489,-2.539664775
61562.86346,-7.220193344,-2.974068585
61562.87356,-8.547522403,-3.268350874
61562.87358,-9.341057844,-3.416622989
61562.87985,-9.524551479,-3.41865607
61562.87987,-9.06314428,-3.278717704
61562.88613,-7.967176348,-3.004498385
61562.88616,-6.292726976,-2.606286419
61562.89599,-4.138768057,-2.096492934
61562.89604,-1.641071336,-1.489560191
61562.89858,1.036739365,-0.802214782
61562.89861,3.714375332,-0.05396163
61562.90535,6.207513639,0.732337145
61562.92392,8.340953839,1.529985542
61562.92395,9.96133044,2.308272428
61562.92604,10.94843187,3.032758521
61562.92606,11.22427028,3.666158726
61562.92847,10.7592063,4.169880243
61562.93067,9.574646753,4.506195844
61562.93806,7.742085869,4.640945109
61562.94244,5.378531286,4.546573624
61562.94247,2.638626055,4.20525093
61562.95232,-0.295975301,3.611760836
61562.95235,-3.22921282,2.77583933
61562.97802,-5.964296856,1.723649523
61562.97806,-8.317461217,0.498130873
61562.97807,-10.13079598,-0.841961366
61562.98041,-11.28323181,-2.224406513
61562.98346,-11.69888639,-3.567217864
61562.98349,-11.35218085,-4.783523254
61562.98559,-10.26937464,-5.787337106
61562.98791,-8.526432008,-6.499829675
61562.99472,-6.243403,-6.855622342
61562.99789,-3.575754627,-6.80859756
61563.00479,-0.703306256,-6.336714089
61563.00482,2.182410249,-5.44536471
61563.00719,4.891441411,-4.168902986
61563.00722,7.248396439,-2.570092247
61563.00919,9.104205353,-0.737384686
61563.02235,10.3458367,1.219890613
61563.02238,10.90332408,3.17817871
61563.02476,10.75365888,5.007775869
61563.0267,9.921342324,6.581784979
61563.03693,8.47563617,7.785305628
61563.05598,6.524787467,8.524167282
61563.05605,4.207713626,8.732520016
61563.05605,1.683802624,8.378658577
61563.05788,-0.878400596,7.468568953
61563.06042,-3.312794195,6.046844667
61563.06294,-5.466784577,4.194811119
61563.06552,-7.2110607,2.025906111
61563.06812,-8.447439985,-0.321423243
61563.07096,-9.114308687,-2.692849487
61563.07328,-9.189368649,-4.928695149
61563.07672,-8.689605054,-6.875117602
61563.08359,-7.668590466,-8.395134506
61563.08362,-6.211424509,-9.378670159
61563.09354,-4.42776298,-9.7508604
61563.09357,-2.443505006,-9.477970501
61563.10394,-0.391775259,-8.570448612
61563.10397,1.596142681,-7.082844336
61563.10597,3.399295068,-5.110552426
61563.10599,4.914415402,-2.783577811
61563.11852,6.061706606,-0.25774209
61563.11855,6.788739889,2.296053965
61563.12102,7.072312699,4.703747675
61563.12105,6.918261288,6.800353852
61563.12685,6.359367609,8.441639052
61563.13726,5.451625204,9.514379946
61563.13729,4.269226434,9.944455215
61563.1397,2.898698146,9.702176657
61563.13972,1.432642156,8.804465967
61563.15673,-0.036469084,7.313713767
61563.16412,-1.422029513,5.333399784
61563.16415,-2.648222295,3.000789516
61563.16416,-3.653866875,0.477235523
61563.16725,-4.39502588,-2.063214902
61563.16729,-4.846308343,-4.446082478
61563.16914,-5.000902159,-6.508705288
61563.17286,-4.869453724,-8.111595442
61563.18371,-4.477980855,-9.148092704
61563.18374,-3.865052768,-9.551632703
61563.19039,-3.078496185,-9.300124393
61563.19359,-2.171890058,-8.417144161
61563.19362,-1.201094669,-6.96988642
61563.19538,-0.221027761,-5.064045294
61563.23287,0.717144886,-2.836021834
61563.23291,1.568288984,-0.443040092
61563.24282,2.294989729,1.948100252
61563.24285,2.868637182,4.172817211
61563.24649,3.269941471,6.080238872
61563.24652,3.488943617,7.54358038
61563.24652,3.524609441,8.468682003
61563.25407,3.384103573,8.800126711
61563.25411,3.08183902,8.524537581
61563.25411,2.638387043,7.6708632
61563.25925,2.079315013,6.307677644
61563.26183,1.433999666,4.537734542
61563.26685,0.734442984,2.490206767
61563.26928,0.014100694,0.311201064
61563.27171,-0.693278671,-1.84675058
61563.27431,-1.354811596,-3.835460844
61563.27664,-1.939640046,-5.521351929
61563.27915,-2.420091963,-6.794499453
61563.28225,-2.772825632,-7.575840104
61563.28228,-2.979925038,-7.82207014
61563.28453,-3.029896154,-7.52793496
61563.29116,-2.918499217,-6.725800867
61563.29119,-2.649342236,-5.482594695
61563.2974,-2.234158451,-3.894381394
61563.29745,-1.692696729,-2.079011011
61563.30695,-1.052169713,-0.167393777
61563.31366,-0.34622936,1.705952879
61563.31369,0.386527957,3.412403898
61563.31569,1.104486852,4.838102375
61563.31926,1.765289092,5.891599493
61563.32984,2.328342655,6.509746625
61563.32987,2.757413193,6.661461737
61563.33595,3.023124082,6.349150084
61563.33598,3.10518013,5.607729205
61563.33865,2.99413342,4.501378242
61563.33868,2.692528636,3.118289662
61563.34666,2.215299226,1.563836857
61563.35992,1.589333188,-0.047325311
61563.35995,0.852185088,-1.599644645
61563.36187,0.049974831,-2.984934927
61563.36432,-0.765421149,-4.109932847
61563.37238,-1.53971977,-4.90262374
61563.3724,-2.219904413,-5.316908033
61563.37862,-2.757966592,-5.335305622
61563.37867,-3.114442816,-4.969540095
61563.38188,-3.26147542,-4.25899846
61563.39345,-3.185149781,-3.267213952
61563.39349,-2.886904628,-2.076658882
61563.40109,-2.383874356,-0.782251815
61563.40113,-1.708098045,0.515929495
61563.41891,-0.904613812,1.720186853
61563.41894,-0.028542681,2.742437652
61563.42587,0.85865325,3.510621788
61563.4259,1.693484529,3.973818561
61563.4259,2.415014531,4.105710883
61563.42864,2.969371031,3.906157777
61563.42867,3.313849466,3.400776462
61563.43094,3.420289676,2.638582084
61563.43312,3.277454423,1.687875952
61563.4486,2.89220661,0.630701643
61563.44867,2.28936806,-0.443706701
61563.45593,1.510239585,-1.4459857
61563.45994,0.609862816,-2.293678188
61563.45998,-0.346798964,-2.91770928
61563.46471,-1.289498261,-3.26781085
61563.46473,-2.14782908,-3.316479981
61563.47099,-2.856467059,-3.061165708
61563.47103,-3.360133815,-2.524510362
61563.47858,-3.617907967,-1.75261759
61563.47861,-3.606546727,-0.811468052
61563.48863,-3.322549543,0.218255017
61563.48867,-2.782784342,1.247545275
61563.49156,-2.023601212,2.186177343
61563.49159,-1.098470305,2.949994642
61563.50045,-0.074292042,3.467819629
61563.503,0.973369939,3.687446422
61563.51228,1.965797044,3.580238005
61563.51231,2.826966975,3.143949182
61563.52151,3.489316155,2.403525461
61563.52154,3.898979542,1.409777999
61563.5234,4.020104487,0.235994778
61563.52553,3.837896624,-1.027293316
61563.5292,3.360143966,-2.279027812
61563.53977,2.617074451,-3.415335114
61563.5398,1.659524354,-4.337665299
61563.54476,0.555521352,-4.960741083
61563.54478,-0.61449281,-5.219700938
61563.55225,-1.76346839,-5.07586706
61563.55599,-2.804166857,-4.520659677
61563.56347,-3.655723184,-3.577308357
61563.5635,-4.249860942,-2.300169592
61563.56978,-4.536286046,-0.771636893
61563.5698,-4.48683706,0.903188124
61563.57933,-4.09805484,2.603721064
61563.58801,-3.391946159,4.202521388
61563.58804,-2.41484718,5.574706328
61563.58804,-1.23443362,6.607462562
61563.59102,0.064935134,7.208940851
61563.59105,1.3882214,7.31584697
61563.59851,2.636639429,6.899122912
61563.60218,3.715007467,5.967240732
61563.61234,4.538976556,4.566798832
61563.61236,5.041589169,2.780305174
61563.61488,5.178660053,0.721239719
61563.61492,4.932550124,-1.473306154
61563.62415,4.314016609,-3.651927904
61563.62882,3.361961288,-5.659503317
61563.62885,2.141053674,-7.348334299
61563.63798,0.737365896,-8.589027558
61563.64227,-0.747690879,-9.280309253
61563.64229,-2.204704388,-9.35703116
61563.6628,-3.524344343,-8.795744552
61563.66283,-4.60559422,-7.617385077
61563.66493,-5.363511871,-5.88681554
61563.66496,-5.735922237,-3.709199411
61563.66677,-5.688514369,-1.223409381
61563.6742,-5.217925549,1.407104539
61563.67919,-4.352539909,4.005370669
61563.68674,-3.150897364,6.393108716
61563.68937,-1.697788487,8.403238512
61563.69191,-0.09828878,9.891789299
61563.69678,1.529852091,10.74834626
61563.69917,3.064916802,10.90426633
61563.70177,4.390378882,10.33804798
61563.70421,5.403822482,9.077438614
61563.71348,6.024937632,7.198094733
61563.7135,6.201963072,4.81885679
61563.71865,5.91605603,2.09394499
61563.71868,5.183217972,-0.797393715
61563.7243,4.053586594,-3.663070378
61563.72733,2.608103852,-6.311317568
61563.73175,0.952772403,-8.56390396
61563.7342,-0.789097119,-10.26846468
61563.74394,-2.486083314,-11.30907225
61563.74398,-4.008609587,-11.61429679
61563.74542,-5.238901742,-11.16218275
61563.74798,-6.080178631,-9.981789489
61563.75176,-6.464353906,-8.15118897
61563.7599,-6.357631082,-5.792066865
61563.75993,-5.763528123,-3.061315736
61563.76228,-4.723060576,-0.140222077
61563.76232,-3.312029249,2.777982073
61563.78417,-1.635583075,5.501320109
61563.78988,0.179557498,7.852093938
61563.7899,1.994643539,9.678818681
61563.79197,3.669488414,10.8662441
61563.79418,5.073296332,11.34278221
61563.79925,6.094889563,11.08485238
61563.80173,6.651531495,10.11787989
61563.80444,6.695642395,8.513924789
61563.80747,6.218860865,6.38615661
61563.8075,5.253104889,3.880610078
61563.80914,3.86851692,1.16584154
61563.81543,2.168419651,-1.578757723
61563.8223,0.281644106,-4.175155498
61563.82236,-1.647199271,-6.458526293
61563.83749,-3.468769462,-8.287942681
61563.83752,-5.040516464,-9.555201136
61563.84142,-6.23778385,-10.19122205
61563.84144,-6.96362545,-10.16964864
61563.84144,-7.15656256,-9.507475998
61563.84416,-6.795662698,-8.262754033
61563.8769,-5.902525131,-6.529610731
61563.8795,-4.539996456,-4.431020699
61563.88191,-2.807692708,-2.109886062
61563.88432,-0.834653006,0.280906567
61563.89546,1.230325929,2.588743399
61563.89792,3.229942618,4.671151679
61563.90057,5.010373116,6.404631173
61563.90291,6.433064878,7.691900327
61563.90796,7.385435376,8.467141676
61563.91059,7.789649896,8.698986899
61563.91391,7.608798033,8.391148193
61563.91394,6.849986228,7.580766542
61563.91589,5.564098825,6.334697541
61563.91795,3.842234407,4.744081566
61563.92046,1.809078054,2.917639821
61563.92354,-0.386295942,0.974196232
61563.92356,-2.581500313,-0.965054292
61563.92595,-4.612956118,-2.784027051
61563.92597,-6.328145583,-4.378523254
61563.93557,-7.597072796,-5.661921588
61563.93792,-8.322068539,-6.56950268
61563.94499,-8.445200794,-7.061230318
61563.945,-7.952733245,-7.122922728
61563.94691,-6.87629661,-6.765851512
61563.95104,-5.290684765,-6.0248983
61563.95106,-3.308440699,-4.955474693
61563.96161,-1.071637324,-3.629466368
61563.96164,1.258533139,-2.130495832
61563.96375,3.513585321,-0.548810574
61563.96378,5.530103095,1.023903776
61563.97047,7.161721418,2.499509266
61563.97892,8.289841849,3.797960439
61563.97894,8.832292785,4.851212592
61563.98474,8.749300419,5.606346568
61563.98476,8.046337787,6.027812448
61563.99351,6.773651711,6.098741361
61563.99543,5.022513696,5.821317088
61563.99911,2.918482421,5.216235925
61564.01018,0.612184649,4.321314259
61564.01022,-1.731698007,3.189328761
61564.01487,-3.946420135,1.885195116
61564.01491,-5.87525709,0.482608693
61564.01669,-7.382796589,-0.939714366
61564.02351,-8.364614039,-2.302043938
61564.02991,-8.75463204,-3.527727295
61564.02996,-8.529639098,-4.547192313
61564.03996,-7.710654943,-5.30168358
61564.03998,-6.361063915,-5.746550964
61564.04678,-4.581676326,-5.853915408
61564.05425,-2.503102881,-5.614550315
61564.05675,-0.276022477,-5.038840563
61564.05911,1.939925172,-4.156715722
61564.06163,3.987794628,-3.016499488
61564.06478,5.724676079,-1.682672559
61564.06846,7.0318916,-0.232608778
61564.07852,7.823306642,1.247589004
61564.07856,8.051163154,2.667960724
61564.08364,7.709029862,3.940015368
61564.08367,6.831683115,4.982208776
61564.08593,5.491961678,5.725236437
61564.0931,3.794863715,6.116791501
61564.09604,1.869356994,6.125448634
61564.09606,-0.141461011,5.74336997
61564.10347,-2.091100069,4.987589765
61564.10978,-3.840499542,3.899717159
61564.10981,-5.268127513,2.543996938
61564.11935,-6.278612075,1.003780166
61564.12353,-6.809279786,-0.623427918
61564.12359,-6.834141921,-2.232064875
61564.13363,-6.36506794,-3.715378576
61564.13366,-5.450101935,-4.972616734
61564.13601,-4.16909513,-5.91604518
61564.13604,-2.627029191,-6.477291413
61564.15055,-0.945575613,-6.612536945
61564.15357,0.746436749,-6.306146089
61564.1536,2.322900475,-5.572416922
61564.15891,3.669893875,-4.455266242
61564.15894,4.694013716,-3.025805974
61564.16474,5.328957836,-1.377923098
61564.17108,5.539884441,0.377872939
61564.1711,5.325254941,2.121934085
61564.17741,4.716067734,3.7337763
61564.17746,3.772595212,5.100612645
61564.17915,2.578929463,6.12549553
61564.18797,1.235808443,6.734460308
61564.195,-0.147678998,6.882122922
61564.19503,-1.462833546,6.555288233
61564.20501,-2.609833138,5.774266147
61564.20504,-3.50530328,4.591759531
61564.2078,-4.08839122,3.089368825
61564.20783,-4.324896128,1.371939272
61564.21797,-4.209171904,-0.439856253
61564.22542,-3.763703716,-2.218166244
61564.22544,-3.036448455,-3.837207992
61564.22858,-2.096207638,-5.182426782
61564.22861,-1.026454475,-6.158879255
61564.23545,0.081847141,-6.698205737
61564.24895,1.137824101,-6.763658541
61564.24898,2.058049401,-6.352797851
61564.25118,2.773077553,-5.4976428
61564.25121,3.232647115,-4.262259077
61564.25306,3.409158851,-2.737960749
61564.26439,3.299189267,-1.036487308
61564.27032,2.922967326,0.718327185
61564.27038,2.321912689,2.399760007
61564.27039,1.554492572,3.887581038
61564.273,0.690788251,5.076897209
61564.28048,-0.193739454,5.885790933
61564.28781,-1.024741249,6.261178257
61564.28784,-1.735174423,6.182451899
61564.28915,-2.270687991,5.662647164
61564.30396,-2.593765313,4.74706123
61564.30399,-2.686307761,3.509453218
61564.30582,-2.55048353,2.046138322
61564.31494,-2.207818086,0.46844937
61564.31497,-1.696653815,-1.105838862
61564.31738,-1.068243223,-2.561452837
61564.31742,-0.381851126,-3.794239863
61564.32672,0.300682484,-4.718805936
61564.3336,0.920431529,-5.274597826
61564.33363,1.426444946,-5.429983781
61564.33791,1.779948651,-5.1840491
61564.34045,1.957342574,-4.56600522
61564.36795,1.951760692,-3.632298944
61564.37121,1.773093647,-2.461687176
61564.37124,1.446511346,-1.148697723
61564.37863,1.009654774,0.203983644
61564.37867,0.508780642,1.493584785
61564.38053,-0.005770236,2.625137508
61564.3829,-0.48435699,3.518573148
61564.38794,-0.882636867,4.11448481
61564.39062,-1.165563935,4.378134089
61564.39684,-1.310435848,4.301427955
61564.39926,-1.308727949,3.902758466
61564.40492,-1.166567684,3.224770133
61564.40495,-0.903827693,2.330283311
61564.40686,-0.551941735,1.296743722
61564.40927,-0.150662474,0.209677295
61564.41193,0.255925881,-0.844302421
61564.41422,0.623762351,-1.784364478
61564.41811,0.913123531,-2.541662588
61564.42484,1.092496591,-3.064390779
61564.42487,1.1416531,-3.321319161
61564.4328,1.053640812,-3.303568906
61564.43283,0.835510661,-3.024534605
61564.43283,0.507712223,-2.518015097
61564.43607,0.102212571,-1.834757963
61564.4361,-0.340490168,-1.037746555
61564.4382,-0.775186293,-0.196651758
61564.44934,-1.1562583,0.618073155
61564.45604,-1.442074823,1.340961044
61564.45608,-1.599070459,1.916695182
61564.46041,-1.605133123,2.304265452
61564.46307,-1.451980418,2.479807929
61564.46544,-1.146295043,2.437937337
61564.47195,-0.709498802,2.191512219
61564.48499,-0.17616582,1.76990398
61564.48505,0.408802546,1.215962478
61564.51513,0.994006438,0.581972431
61564.51518,1.526052733,-0.075031043
61564.51674,1.954345032,-0.698178511
61564.51981,2.23573575,-1.235499078
61564.52194,2.338623517,-1.64408428
61564.52422,2.246121494,-1.893357534
61564.52671,1.957997888,-1.967208989
61564.52926,1.491192682,-1.864857929
61564.5317,0.878835808,-1.600415195
61564.53674,0.167821386,-1.201226759
61564.53917,-0.584880733,-0.705177715
61564.54475,-1.316882089,-0.157215563
61564.5448,-1.965618082,0.394593162
61564.54731,-2.473734814,0.903131873
61564.54734,-2.794158461,1.326090016
61564.54926,-2.894403828,1.629298158
61564.5522,-2.759735335,1.789288931
61564.55416,-2.39488442,1.794904172
61564.55852,-1.824144974,1.647853857
61564.55856,-1.089803348,1.362221667
61564.56853,-0.249000681,0.962997566
61564.56857,0.630739272,0.483792777
61564.57105,1.476965528,-0.036048755
61564.57108,2.218296745,-0.554689912
61564.58055,2.790463226,-1.031122422
61564.58488,3.141884113,-1.428309212
61564.5849,3.238299158,-1.715912032
61564.59167,3.06604484,-1.872413564
61564.60542,2.63367081,-1.886500059
61564.60544,1.971726309,-1.757634544
61564.60691,1.130696538,-1.495816101
61564.61279,0.177223671,-1.120582255
61564.61282,-0.811106615,-0.659364425
61564.61476,-1.752006839,-0.145347159
61564.61681,-2.565257695,0.384991855
61564.62793,-3.179452626,0.894473075
61564.63638,-3.538154697,1.347753611
61564.63641,-3.604941478,1.713645899
61564.63641,-3.366895904,1.967076824
61564.64149,-2.836221551,2.090582138
61564.64151,-2.049810082,2.075269156
61564.64677,-1.066754924,1.921219167
61564.65483,0.036025027,1.637336851
61564.65485,1.169728632,1.240685035
61564.66098,2.240724354,0.755367974
61564.66101,3.158152506,0.211044475
61564.66671,3.841464138,-0.358836345
61564.6749,4.227276704,-0.918978216
61564.67492,4.274971339,-1.434260428
61564.68481,3.97054922,-1.871743299
61564.68484,3.328398153,-2.202564394
61564.68673,2.390785034,-2.403639613
61564.70303,1.225072073,-2.459090384
61564.71098,-0.081159888,-2.361326215
61564.71101,-1.42672426,-2.111721291
61564.71102,-2.704674005,-1.72083546
61564.71103,-3.810767348,-1.208144554
61564.7181,-4.651881752,-0.601263404
61564.72051,-5.153697688,0.065332545
61564.72301,-5.267022227,0.752054679
61564.72801,-4.972222728,1.416355807
61564.73327,-4.28138519,2.015199051
61564.73548,-3.237989118,2.507718081
61564.73897,-1.914086982,2.85791924
61564.73901,-0.405175912,3.037256247
61564.74095,1.176863935,3.026897859
61564.75621,2.712231028,2.819510626
61564.75625,4.082412966,2.420394466
61564.76111,5.179427688,1.847838923
61564.76114,5.914367053,1.132612108
61564.76294,6.224562214,0.316550345
61564.7667,6.078792669,-0.549718767
61564.77725,5.480110183,-1.409818645
61564.77727,4.466033195,-2.205263086
61564.78527,3.106072531,-2.879464883
61564.7853,1.4967588,-3.381839645
61564.78775,-0.245460727,-3.67170298
61564.78777,-1.992918525,-3.721653836
61564.79809,-3.616351289,-3.520156082
61564.80251,-4.99471108,-3.073074641
61564.80254,-6.024403664,-2.403989679
61564.80874,-6.627236099,-1.553198534
61564.80879,-6.756453873,-0.575414131
61564.81036,-6.400395084,0.463726868
61564.82168,-5.583473825,1.492131659
61564.8291,-4.364412483,2.436390737
61564.82914,-2.83185665,3.227216277
61564.83121,-1.097709887,3.804764768
61564.83124,0.71129745,4.123419805
61564.84181,2.463154693,4.155636203
61564.8448,4.030496712,3.894506268
61564.84482,5.300145839,3.354799467
61564.85106,6.181538866,2.572341769
61564.86102,6.613397538,1.601731628
61564.86105,6.56814004,0.512525561
61564.86396,6.053708583,-0.615843924
61564.86399,5.112690139,-1.700042993
61564.87452,3.81881754,-2.659244088
61564.89414,2.271139982,-3.42145822
61564.89417,0.586329598,-3.929276316
61564.89418,-1.11026951,-4.144539975
61564.89679,-2.694152299,-4.051539341
61564.90013,-4.050990496,-3.658449327
61564.90016,-5.085085164,-2.996856123
61564.90416,-5.726298917,-2.119382571
61564.90674,-5.934957515,-1.095580304
61564.90919,-5.70437353,-0.006405004
61564.91361,-5.060832364,1.062284407
61564.91366,-4.061078192,2.026672733
61564.92371,-2.787528626,2.81180658
61564.92376,-1.341617248,3.357712189
61564.92601,0.164200175,3.624294689
61564.92603,1.615146791,3.594598791
61564.93543,2.902860474,3.276146389
61564.94395,3.933500159,2.70022791
61564.94397,4.63461724,1.9191976
61564.94592,4.960290216,1.001993561
61564.94933,4.894160672,0.028256296
61564.95998,4.450173535,-0.9184585
61564.96,3.671001436,-1.757797011
61564.96228,2.624308415,-2.419447221
61564.96555,1.397168972,-2.849115609
61564.9761,0.089092786,-3.013126081
61564.97612,-1.195796249,-2.901242857
61564.97889,-2.356822344,-2.527470323
61564.97892,-3.304447711,-1.92875615
61564.98806,-3.96701273,-1.161704688
61564.99112,-4.296028341,-0.297579883
61564.99115,-4.269637846,0.583973934
61565.00057,-3.894007662,1.401952322
61565.00501,-3.202564938,2.081144522
61565.00504,-2.253162538,2.558798949
61565.01168,-1.12340653,2.790218073
61565.01555,0.095483268,2.752790534
61565.02607,1.305802779,2.448101581
61565.0261,2.410936498,1.901928028
61565.02868,3.322798493,1.162106697
61565.02871,3.96858093,0.294450026
61565.03673,4.296305523,-0.622946857
61565.04871,4.278766336,-1.506521557
61565.04877,3.915575239,-2.274595955
61565.05117,3.233164841,-2.854627277
61565.05119,2.282757059,-3.189726649
61565.05354,1.13645747,-3.243872285
61565.06494,-0.118225164,-3.005353416
61565.065,-1.385018411,-2.488130773
61565.06739,-2.566183898,-1.730977103
61565.06742,-3.569924976,-0.794451842
61565.07691,-4.317349412,0.244048687
61565.08108,-4.748466856,1.296756468
61565.08111,-4.826773924,2.272969509
61565.08811,-4.542085804,3.086831228
61565.10533,-3.911404235,3.664786204
61565.10536,-2.977757849,3.952069448
61565.10537,-1.807101362,3.917664087
61565.11282,-0.483503811,3.557288956
61565.11285,0.897017456,2.894142515
61565.11286,2.233560429,1.977318761
61565.1155,3.427776993,0.878008462
61565.1182,4.391136301,-0.31621178
61565.12042,5.0514761,-1.508535508
61565.12297,5.35835811,-2.600934354
61565.15447,5.286832112,-3.502348509
61565.1597,4.839331163,-4.13637026
61565.15974,4.045558437,-4.447769296
61565.15974,2.960374475,-4.407302074
61565.15975,1.659841072,-4.01438859
61565.16199,0.235713797,-3.297417014
61565.16446,-1.211210878,-2.311634704
61565.16925,-2.578404017,-1.134786762
61565.17424,-3.769030892,0.139146857
61565.17976,-4.698950784,1.407603431
61565.17979,-5.302777411,2.567847727
61565.18162,-5.538557853,3.525443126
61565.18415,-5.390730921,4.202078231
61565.18735,-4.87115377,4.542094609
61565.1874,-4.018128807,4.517167309
61565.19044,-2.893510779,4.128741992
61565.20112,-1.578115278,3.408018325
61565.20115,-0.165774307,2.413473144
61565.20397,1.243517343,1.226121781
61565.20399,2.55085646,-0.057095366
61565.21318,3.665551514,-1.331257234
61565.21984,4.511586863,-2.492082172
61565.21987,5.032961465,-3.444511288
61565.22238,5.197519145,-4.110544887
61565.22241,4.999002068,-4.435683053
61565.23176,4.457192769,-4.393436643
61565.23612,3.616152927,-3.987534484
61565.23615,2.540708122,-3.251643048
61565.24546,1.311456647,-2.246620525
61565.2498,0.018687353,-1.05553082
61565.24982,-1.24433132,0.223172178
61565.25831,-2.38818717,1.483729076
61565.26105,-3.333777348,2.621763051
61565.26107,-4.017905737,3.542857172
61565.26294,-4.397621239,4.170316406
61565.27346,-4.452992848,4.451477434
61565.27728,-4.188138296,4.362049405
61565.27731,-3.630456291,3.908131059
61565.28416,-2.828147642,3.125740782
61565.29232,-1.846237624,2.077900336
61565.29235,-0.761421296,0.849513422
61565.29855,0.343862983,-0.459539707
61565.29858,1.38767482,-1.742525265
61565.30111,2.29465434,-2.894532129
61565.31179,3.001492132,-3.820993267
61565.32783,3.461386441,-4.445359171
61565.32786,3.647170683,-4.715301344
61565.33089,3.552900459,-4.606945818
61565.33092,3.193809584,-4.12679888
61565.33093,2.604669958,-3.31121627
61565.33313,1.836710666,-2.223467473
61565.33859,0.9533583,-0.948641845
61565.33862,0.025145303,0.413182736
61565.34048,-0.875810042,1.754949285
61565.34792,-1.681323351,2.971157615
61565.35229,-2.332243129,3.966236631
61565.35233,-2.782748655,4.662080989
61565.36353,-3.003534898,5.004152804
61565.36356,-2.983663698,4.965669994
61565.37391,-2.730966937,4.549561661
61565.37394,-2.271000786,3.788054123
61565.37784,-1.644661598,2.739943614
61565.37786,-0.904675051,1.485797273
61565.39201,-0.111253059,0.121487778
61565.39504,0.672728377,-1.249404291
61565.39509,1.386647035,-2.523702537
61565.39787,1.97676493,-3.606610993
61565.3979,2.400218351,-4.418924773
61565.40294,2.628071562,-4.902916522
61565.41158,2.647217492,-5.026455188
61565.41161,2.461003421,-4.785062521
61565.41863,2.088562133,-4.201782782
61565.41868,1.56293105,-3.324917905
61565.42197,0.928135366,-2.223849523
61565.43236,0.23548891,-0.983316982
61565.4324,-0.460577517,0.30336472
61565.43483,-1.106820452,1.541589941
61565.43488,-1.655278431,2.642666606
61565.4423,-2.066839764,3.530376944
61565.45742,-2.314016131,4.146397909
61565.45746,-2.382724944,4.454188573
61565.46042,-2.272967837,4.441084698
61565.46045,-1.998384097,4.118490782
61565.46168,-1.584748589,3.520214513
61565.47232,-1.067566489,2.699134859
61565.47234,-0.488985209,1.722521452
61565.47853,0.105707871,0.666419645
61565.47854,0.671708318,-0.390424296
61565.4849,1.168144565,-1.372603764
61565.48492,1.561085101,-2.213585118
61565.48685,1.825878579,-2.860319387
61565.49795,1.948664934,-3.276608245
61565.50241,1.926969239,-3.445013296
61565.50244,1.769368494,-3.367223607
61565.51239,1.494297925,-3.062924251
61565.51242,1.128131325,-2.56732763
61565.5189,0.702724067,-1.927630002
61565.51893,0.252643509,-1.198730269
61565.52093,-0.187672711,-0.438591495
61565.53172,-0.586595159,0.29636448
61565.53603,-0.917607329,0.955462031
61565.53605,-1.161067558,1.497261571
61565.54611,-1.305313086,1.892095673
61565.54614,-1.347052438,2.123505297
61565.54855,-1.291055222,2.18852966
61565.54859,-1.149207434,2.096901487
61565.55931,-0.939050478,1.869287686
61565.56358,-0.681959305,1.53478669
61565.5636,-0.401136767,1.127942509
61565.57476,-0.119606189,0.685558977
61565.57478,0.141627167,0.243594904
61565.57786,0.365100924,-0.165606088
61565.57788,0.537999015,-0.515544812
61565.57978,0.652770582,-0.787110988
61565.59421,0.707248645,-0.96936991
61565.60134,0.704298647,-1.059590536
61565.60137,0.651067006,-1.062581173
61565.60348,0.557930712,-0.989454936
61565.6035,0.437268412,-0.855987544
61565.60558,0.302180221,-0.680752398
61565.61549,0.165277748,-0.483221244
61565.61974,0.037648956,-0.282004312
61565.61975,-0.071923261,-0.093374263
61565.62241,-0.157441318,0.069822364
61565.62245,-0.215858108,0.198809466
61565.64923,-0.246945528,0.289072836
61565.6648,-0.252912421,0.340134626
